Last Name,First Name,Credit Card Number,Security,Expiration
Julie,Brune,4916595788453850,258,1/9/2008
Darell,Welcher,4485366358462410,720,1/1/2011
Brenda,Edmondson,5178655306416710,263,1/3/2007
Carmelita,Gibbs,4916213915897490,665,1/8/2011
Thomas,Stone,5225078689030970,237,1/4/2010
Corazon,Fox,5360300030577960,878,1/3/2008
Joshua,Bodnar,4716077060646850,201,1/11/2008
Allen,Biggs,5286876721849090,284,1/10/2007
Irene,Okeefe,4929893770389580,377,1/1/2008
Susan,Knight,5112032674985800,865,1/4/2008
Louise,Ortiz,5184991345039700,626,1/8/2010
Maxine,Floyd,5410921312838060,747,1/7/2009
Myrtle,House,5489301025183620,185,1/7/2007
Jason,Gonzalez,5316606721086210,538,1/8/2008
Troy,Jimerson,5455838358359920,890,1/1/2010
Landon,Tilson,4929477872557440,183,1/2/2009
Joseph,Harman,4485906990582270,831,1/9/2007
Veronica,Horn,4716799655818320,960,1/2/2007
Orlando,Henriques,4556647878872130,642,1/10/2011
Della,Castro,4916847321536810,287,1/12/2007
Andrea,Valentin,5143122065990090,172,1/2/2011
Paul,Graves,4716760574725630,638,1/12/2011
Lisa,Duncan,4929132070312710,934,1/4/2008
Martha,Franks,5363151857465920,919,1/2/2009
Alyce,Preston,5264914029235460,412,1/10/2008
John,Bell,4485231592071860,906,1/10/2011
Carl,Zimmerman,4716298862510190,434,1/12/2007
Carrie,Griffin,4929404237236740,102,1/9/2011
Roger,Scheller,4916601083594990,357,1/7/2008
Iris,Rodriguez,5222007598626060,261,1/9/2009
Mary,Brown,4929566958333720,503,1/10/2010
Margaret,Milburn,5208466520401710,153,1/3/2010
Janice,Livingston,5596008648379600,388,1/3/2009
Sharon,Tittle,4539822345824220,967,1/2/2010
Cristi,Miller,4485934530946160,514,1/2/2011
Gilda,Burmeister,4532396184861970,222,1/11/2010
Remedios,Murphey,5169892592167240,945,1/10/2007
Gladys,Phillips,5148946865534270,794,1/12/2009
Caterina,Liu,5187641535633110,571,1/2/2010
Jack,Johns,5304981528637390,225,1/8/2007
Alvin,Poor,5285107475078130,324,1/4/2010
Dennis,Holt,5208586560148200,904,1/5/2007
Ann,Hess,5212562154365190,822,1/7/2007
Janice,Cooper,4716188878446800,8,1/9/2008
Cheryl,Dougherty,4485411234058620,531,1/6/2010
Felicia,Vazquez,4539442528086580,903,1/1/2010
Russell,Villanueva,5498216637916450,178,1/6/2008
Doris,Fischer,5126949902001090,710,1/8/2010
Kathi,Becker,4929834051470380,680,1/12/2007
Vera,Seal,4485765622730230,701,1/2/2007
Robert,Luna,4716124266098410,269,1/9/2011
Terrance,Anderson,5553284341547340,775,1/12/2011
Keith,Defreitas,5562285735242240,782,1/8/2011
William,White,5504608767455610,35,1/10/2010
Mary,Pride,4929653549906800,570,1/3/2008
Luis,Thompson,4485376654253230,533,1/8/2008
Jeannine,Davis,4929508544663650,599,1/10/2008
Roosevelt,Jarrell,5447384783797460,182,1/9/2008
Jean,Thomas,4539540005364230,502,1/4/2010
Guadalupe,Mason,4929353153982490,705,1/8/2009
Mara,Fields,4916688444216470,743,1/5/2008
Robert,Kiss,5529885807200010,660,1/12/2008
Lois,Walker,4716937248448140,361,1/6/2010
Ryan,Luczak,5289093113933140,414,1/6/2007
Antonio,Whitson,4716724125972950,979,1/11/2008
Ian,Ramirez,5235397422285940,745,1/4/2011
John,Caldwell,4556073508729250,539,1/7/2010
Billy,Woods,5497012856387700,406,1/5/2009
Barbara,Roger,5332440933326920,134,1/9/2011
Owen,Lopez,5318962967376800,193,1/1/2009
Alan,Thompson,4929226091610570,313,1/7/2011
Fannie,Allen,4532111053253150,224,1/10/2009
Tyler,Pratt,4532607104791220,406,1/10/2009
Norman,Martin,5298251380462380,965,1/4/2011
Robert,Horton,4929084434999800,513,1/12/2008
Donna,Smith,5556500833632500,100,1/3/2007
Anna,Gomez,4539454302845000,988,1/7/2008
Quentin,Bennett,4532464027358740,511,1/11/2008
Cindy,Swartz,5180940121768010,447,1/8/2011
Pilar,Kang,4532071882874130,984,1/8/2009
Kenneth,Hall,5353874912994310,299,1/4/2010
Alfonso,Ross,4716448436436880,205,1/4/2008
Tyrone,Husted,5312479219443070,6,1/2/2011
James,Hedges,5509937214715570,64,1/12/2010
Lawrence,Gallego,4556868134749460,661,1/7/2011
Jessica,Kim,4916945732249160,773,1/3/2007
Justin,Ruiz,4556234728100140,431,1/3/2007
Kevin,Stevenson,5386429858054100,377,1/5/2009
Mary,Collins,4929315357694800,17,1/2/2008
Edward,Mckenzie,5333854833896430,125,1/9/2011
Brittany,Thompson,4485241589233810,570,1/10/2010
Williams,Miller,4556293620207980,190,1/8/2010
Elizabeth,Alba,5537047657050280,487,1/3/2009
Cassandra,Burchfield,4929852757310790,356,1/12/2011
Arthur,Bentley,4556940540844860,589,1/6/2008
Alan,Fellers,5343457071981650,200,1/8/2009
Melissa,Beavers,4532565757925440,615,1/5/2010
Janet,Page,5561100995340950,652,1/11/2010
Eddie,Palos,5447752214766020,637,1/8/2008
Danny,Arroyo,4916345641622750,305,1/10/2009
Nathan,Tillman,4532888095621570,713,1/8/2010
John,Lee,5200194341237470,65,1/10/2009
Richard,Emerson,5502256179155680,174,1/12/2010
Katherine,Doyle,4929978239320130,220,1/12/2008
Mario,Arrington,4716210381778880,393,1/6/2009
Joan,Miles,5435912726192230,239,1/12/2010
Irene,Steelman,4532796577796730,427,1/8/2010
Leroy,Boyer,5527346045975930,826,1/1/2009
Brent,Bruno,5377154317646670,618,1/7/2009
Elizabeth,Tatro,4916374329003440,457,1/12/2008
John,King,5358843103119750,445,1/7/2010
Frank,Priestley,5233987059809450,665,1/2/2010
Mack,Ramos,5396638151483560,954,1/3/2009
Elizabeth,Miller,4556294187200410,344,1/4/2008
Joseph,Wilson,5383527287326170,778,1/8/2011
Penny,Adams,4532683316859160,549,1/1/2008
Whitney,Blanks,4556684099410060,380,1/11/2010
Perry,Clemens,5348468160880450,772,1/10/2007
Maria,Leach,4539724985656740,118,1/12/2011
Phyllis,Wolf,5163881560534870,353,1/3/2008
Angie,Crawford,4532297443534250,932,1/9/2009
Mary,Crawford,5204054949115600,744,1/12/2009
Douglas,Hathaway,5541851446719830,402,1/5/2008
Benjamin,Daly,4556491519944720,943,1/8/2008
James,Arnold,4716607521677490,972,1/8/2009
Ellis,Fowler,4929332436141660,253,1/2/2009
Amber,Epp,5578098787497600,637,1/6/2009
Evan,Downey,4539776134650990,771,1/9/2010
Alan,Bergquist,4556799023349400,921,1/3/2007
Amanda,Williams,5550368441849600,895,1/4/2010
Carol,Pyatt,4929084746944360,431,1/9/2008
Beverly,Dick,5385441471169890,862,1/2/2008
Lee,Hamm,5188014981228670,801,1/8/2009
Arturo,Armstrong,5412957551388400,65,1/9/2007
Deanna,Bell,5474633760227850,510,1/12/2010
Donald,Lopez,5228465359209910,100,1/7/2009
Jeanette,Levine,4916126372779630,315,1/12/2011
Dana,Koziol,4532472724542860,415,1/4/2011
Ann,Moore,5182370480755890,813,1/3/2010
Jay,Coen,4916733086750220,852,1/10/2010
Amy,Waters,5570518025478850,695,1/3/2011
Amy,May,5440988344042890,34,1/3/2007
Kristina,Robles,4539781511089750,992,1/10/2010
Wendy,Miller,4929794325834680,244,1/2/2011
Merle,Ward,5439493280982720,968,1/6/2011
William,Tolbert,4485949747063020,658,1/2/2010
Karyl,Schwandt,5465765255209270,940,1/11/2009
Tommy,Powell,5526735055205890,587,1/1/2008
Dan,Williams,4929931857272310,344,1/11/2010
Carolyn,Palmer,5299159843182220,420,1/3/2008
Doris,Hoyt,5232330122540150,134,1/9/2008
Joyce,James,5323819146517040,966,1/2/2007
Ann,Cohen,5139374797534500,925,1/12/2010
Jennifer,Hirschman,5344434667844500,609,1/11/2007
Mario,Clyde,5279146485300180,239,1/5/2008
Donald,Fairman,4539102272573950,110,1/3/2011
Ashley,Spears,5428561812115970,502,1/10/2007
Frank,Maynes,5426162032499500,476,1/4/2008
Gary,Cargo,5185419420631030,77,1/7/2009
Michael,Ornelas,4485491230985220,501,1/1/2010
Kevin,Cuellar,5545962599845730,453,1/3/2009
Margaret,Hardin,4556369295174110,522,1/6/2008
Susan,Hampton,4916468538311500,522,1/8/2010
Bertha,Lofton,4716680881192000,882,1/1/2007
Tina,Rentas,5238133154799900,445,1/5/2010
Salvatore,Wimmer,5592979245594060,460,1/7/2011
Latonya,Stevens,5487761645465990,318,1/9/2009
Judith,Colon,5127789426956710,452,1/9/2010
Jena,Riggs,5133367292986090,455,1/10/2009
Brian,Lauritzen,4556218063902080,110,1/8/2009
Christina,Wilcox,4716342872585010,92,1/12/2009
Diane,Timmons,5187736505487190,128,1/10/2007
Suzan,Stapleton,4539923477765540,331,1/1/2011
Jerry,Pelletier,4485626831528110,253,1/7/2011
Ayana,Clark,5418407600592760,265,1/8/2011
Barbara,Rivera,4556880722473290,40,1/8/2008
Mary,Jensen,5147197694398930,550,1/11/2007
Christopher,Olson,5576337914232180,564,1/9/2007
Sharon,Maheu,4916235851395270,804,1/2/2011
Esta,Baker,4916406994637650,218,1/8/2008
Marcia,Gray,4556549343138260,663,1/8/2009
Ronald,Paige,4539072117124900,76,1/8/2007
Robert,Williams,4532569853750410,661,1/4/2009
Raisa,Ladson,5203494330535350,289,1/4/2011
Mary,Messersmith,5221413455452600,676,1/5/2011
Melissa,Gonzales,4485842729414830,775,1/4/2010
Maggie,Keeley,5191574027695070,743,1/9/2007
Winona,Jacobsen,5236972918168800,659,1/5/2007
James,Leslie,5128220288479350,436,1/11/2011
Kenneth,Franco,5574607610139960,45,1/1/2009
Gary,Nestor,4532041336908960,733,1/1/2011
Helen,Campbell,4539824668526610,765,1/7/2008
Rachel,Brown,5594887334495600,269,1/3/2007
Michael,Graham,5162190755499340,237,1/8/2008
Jason,Proctor,4916163415194400,620,1/5/2011
Francisco,Spurlock,5337822552845410,469,1/12/2007
Eugene,Lopez,5100989231757020,938,1/6/2007
Fred,Williams,4929873474151440,655,1/5/2010
Leslie,Morton,5184890718646240,516,1/2/2011
Gordon,Tucker,4539477735640770,988,1/7/2008
Alex,James,4716703962035290,73,1/1/2009
Alexandra,Miller,4532908357673250,284,1/7/2009
Thomas,Harris,5141107001074260,375,1/4/2009
Cynthia,Sullivan,4532523915827490,294,1/6/2009
James,Claycomb,4539911714456480,768,1/1/2010
Maria,Boyd,5162210875220130,479,1/1/2008
Linda,Thigpen,5139039517859710,976,1/1/2007
William,Albertson,4539303150024590,443,1/9/2007
Nora,Kinnear,4539960134390590,170,1/11/2009
Kevin,Mejia,5470124190521000,249,1/7/2007
Rosemary,Larson,4929965354354490,274,1/8/2010
Walter,Rowland,5197606090055700,149,1/11/2011
Christopher,Wescott,4556716288362540,91,1/3/2010
Crystal,Aguilar,4929523502016590,254,1/5/2009
David,Bryan,4716015351496590,88,1/9/2007
Phillip,Collins,4539259740183660,531,1/9/2007
Clare,Snow,5121054571684540,676,1/6/2007
Jaimee,Schaffer,4485551618921740,283,1/9/2010
Marilyn,Mason,5418149026680800,208,1/4/2011
Patricia,Barney,4485975162856800,461,1/7/2007
Nancy,Witten,5232410947816620,544,1/9/2008
Terry,Nelson,4929524533902080,935,1/3/2007
James,Berman,5204391657314220,251,1/9/2009
Fanny,Cordova,4716649934709610,431,1/4/2009
John,Bowman,5367904370308910,120,1/4/2011
Claudia,Pace,5356460827280340,462,1/10/2011
Robert,Garner,4556661246200920,484,1/9/2008
Terry,Anglin,4929380057832090,11,1/11/2010
Christopher,Weldon,5547516760232560,275,1/8/2009
Jimmy,Plowman,4556451114722390,929,1/7/2010
Marjorie,Joseph,5209060883536890,372,1/11/2011
Lamar,Mills,4539088411255040,609,1/1/2008
Stacy,Tindall,5142247017416210,743,1/5/2010
Henry,Robinson,5230508156236090,828,1/12/2010
Anthony,Brewer,5558849611405640,490,1/7/2011
Kurtis,Hafer,5242268676691090,843,1/12/2008
Josephine,Stackpole,4929632294224220,457,1/7/2011
Eugene,Devine,4716729948109330,989,1/8/2011
Valerie,Meza,4556024956132300,959,1/8/2011
Michael,Board,5525638264876660,156,1/11/2007
Travis,Bozek,5497459381846080,940,1/12/2010
Dalton,Carrion,4532574868120020,562,1/2/2010
Dean,Jackson,5378847440294830,997,1/4/2008
Zachary,Channel,4532679962053740,683,1/4/2008
Bessie,Bonner,5387082213596810,537,1/6/2011
David,Lancaster,4532164897908050,575,1/5/2009
Sandy,Humiston,4532561969122750,208,1/2/2008
Dorothy,Butler,5536354787197280,501,1/6/2009
Debra,Heller,4916994918704540,65,1/1/2008
Mary,Ellis,5360489954843440,276,1/7/2008
David,Kohr,4916372301193760,625,1/10/2008
Joan,Salazar,4916867746312880,503,1/12/2007
Robin,Ellis,5395037161613410,906,1/2/2009
Jennifer,Richards,4556355491306450,963,1/2/2011
Jasmin,Wagner,5316392701405940,694,1/1/2011
Flora,Sullivan,4716319286042460,315,1/10/2008
Angie,Sorensen,5518399262973570,986,1/3/2008
Annie,Rhodes,5106233444405240,148,1/11/2010
Truman,Lewis,4716340067168320,350,1/9/2010
Cary,Trevino,4556827077853530,617,1/6/2009
Dan,Jones,5566679339584800,615,1/12/2011
Terry,Black,5373763867121670,731,1/8/2007
Carmen,Blake,5141748127207200,566,1/5/2008
Lorraine,Ewalt,5432180433548180,131,1/11/2011
Daniel,Ortiz,4929745454632460,708,1/4/2010
Christopher,Huber,4916826218905330,149,1/7/2010
James,Casey,5270276262790540,637,1/4/2011
Joshua,Mcgee,5467013226555610,9,1/2/2007
Jarod,Gonzales,5544468490304710,780,1/12/2007
Olivia,Smith,4916588864645020,110,1/2/2011
Nancy,Martinez,4916500032303920,870,1/12/2009
Anne,Dalton,4485663588152170,358,1/3/2007
Sara,Matlock,4716269585493020,450,1/10/2008
Tamara,Maynard,4532694484762350,220,1/3/2008
Blanca,Grant,4716814672054710,63,1/6/2010
Deborah,Houpt,5134273819630060,363,1/3/2007
Teri,Owens,5292932492488100,908,1/5/2008
Jessica,Arceneaux,5419706282990630,152,1/12/2009
James,Tyer,5191746886883580,396,1/10/2008
Ronald,Hibbard,4716844566928140,800,1/6/2011
Lucille,Meyer,4485734455723570,814,1/5/2008
Erik,Martin,5466808027512780,646,1/12/2009
James,Williams,5159668750761850,350,1/3/2011
Pauline,Taylor,4556931188796700,695,1/7/2008
Philip,Rivera,5364537641010190,229,1/12/2008
Keila,Thompson,5253507008229290,419,1/2/2008
John,Hemphill,4539376469657080,855,1/9/2009
John,Sano,4539853828522590,847,1/11/2007
Edward,Stevens,5468425445803660,326,1/11/2011
Malia,Molina,4716007052629050,134,1/8/2011
Jessie,Parker,4539029898127720,70,1/10/2008
Haywood,Graham,5526410796315740,72,1/3/2011
Patrick,Williams,5374100983604010,565,1/7/2007
John,Carpenter,4539204152113150,398,1/6/2009
Marilyn,Combs,5496399990814320,103,1/1/2009
Mary,White,5470167316634930,181,1/3/2011
Kristi,Mcghee,5278015663441250,838,1/9/2007
Gary,Gilbert,5553715656893600,290,1/2/2007
Theresa,Clark,4532480318652830,794,1/3/2010
Brandon,Hampton,5576888632822160,289,1/12/2007
Carol,Soucie,4716616468287820,933,1/12/2008
Maryanne,Dunning,4929162808347020,444,1/9/2009
Melanie,Mullins,5160635046568600,899,1/3/2008
Josephine,Thomas,5287124385765440,591,1/7/2008
Henrietta,Summers,4929770675819210,940,1/1/2007
Donna,Santiago,4532108345961130,325,1/2/2010
Amanda,Walters,4556603633874620,894,1/4/2010
Michael,Courtney,5109396416011010,255,1/7/2009
Bruce,Webb,4532515173043480,899,1/7/2008
Dina,Parnell,5535757788220470,233,1/7/2007
Spencer,Bonner,4485406650490790,616,1/4/2007
Richard,Roman,4485224245749010,529,1/3/2010
Carla,Ash,5566489285357710,607,1/10/2009
William,Benavides,5312718017203830,503,1/3/2009
Lynette,Brittain,4556096301056740,143,1/7/2010
Dominga,Jacoby,5218863439533260,209,1/12/2009
Dorthy,Thorpe,4929259021799910,194,1/4/2011
Edward,Harris,5463181052921210,626,1/10/2009
Christopher,Creek,5258178772974890,391,1/7/2007
Mary,Bail,5581519080007910,260,1/7/2009
Robert,Jeter,4716560225917970,75,1/3/2011
Doyle,Hobby,4556167073484810,419,1/10/2010
Elizabeth,Hawthorne,5586290851160120,155,1/2/2008
Winston,Stapleton,4539269746993800,815,1/9/2010
Shelia,Koga,5447681883838850,609,1/10/2007
Stephen,Boulware,4929544700571420,231,1/3/2009
Tammy,Meadows,4485959764432530,849,1/10/2010
Thomas,Helm,5128135298630760,645,1/6/2010
Miguel,Spinella,5173486853556560,311,1/5/2008
Trena,Yanez,5444432349316930,871,1/7/2008
Sharon,Bartlett,5123444614109510,20,1/11/2008
Lenora,Gilbert,5335371928498760,924,1/11/2010
Raymond,Groves,4485443516090760,398,1/10/2009
Jason,Mckean,4916684205002810,702,1/5/2010
David,Clark,5516795283552400,36,1/4/2011
Sherry,Delrio,4916468149894940,683,1/6/2008
Gerard,Heidel,4716795320579080,54,1/3/2007
Rachel,Cruz,5556016744191590,706,1/5/2007
Jesus,Diaz,5567297141579690,756,1/12/2011
Thomas,Freed,4929651133016780,775,1/7/2009
Carol,Smock,5521082777599890,663,1/4/2010
Gary,Robertson,4556627747792060,51,1/1/2008
Darlene,Setliff,4916742301891700,330,1/5/2009
Norman,Lyons,4485491457906410,954,1/9/2008
Bobby,Carranza,4556523997368770,616,1/6/2011
Jennifer,Jones,4716445252842380,836,1/12/2009
Verna,Kitson,4929054249423320,825,1/5/2007
Francisca,Long,4532633460808930,568,1/2/2007
Jason,Jenkins,4532068706050150,464,1/4/2007
Samuel,Anderson,5578747286509660,290,1/4/2009
Marvin,Baltzell,4929332068610690,64,1/12/2011
Maria,Combest,5482317133852740,394,1/11/2008
Joseph,Hood,5342364048607050,57,1/1/2007
Renee,Cook,4556777442879580,127,1/5/2009
Marty,Mccrae,4485635774500440,379,1/3/2008
Donald,Wilcox,5451058256994120,345,1/5/2010
Sarah,Brooks,4556129764384320,593,1/9/2011
Lindsay,Peck,4532626649683290,229,1/11/2011
Leon,Hill,5397289760063700,432,1/12/2010
Luisa,Plummer,5249747710317180,549,1/9/2007
Donita,Walker,4532266077857150,594,1/1/2009
James,Stack,5436518725069040,643,1/10/2007
Joe,Manhart,5528393609958570,451,1/4/2009
Gordon,Hurley,4716302425919710,228,1/6/2007
Maritza,Helton,5566456090231400,938,1/3/2007
Leslie,Richardson,4532430933088670,288,1/5/2008
Jesse,Mclean,5462929160986910,217,1/7/2009
Aura,Slade,4716925581602000,883,1/5/2010
Jason,Poppe,4539402342611170,707,1/10/2008
Henrietta,Smith,4916512095921890,485,1/6/2008
David,Lopez,5288316936982550,573,1/10/2009
Barbara,Walker,5354594088772760,288,1/9/2007
Jesus,Keele,4916582205903350,930,1/6/2007
Miriam,Ingram,4532910344925760,488,1/9/2010
Michele,Rogers,5566344761728760,828,1/12/2011
Kenneth,Flynn,4532250318369240,565,1/12/2008
Edwin,Easley,5300923456769920,911,1/5/2009
Victoria,Williams,4485698286431550,216,1/9/2011
Jean,Neher,4539017327851590,850,1/12/2007
Kay,Simmons,5537265260354640,746,1/8/2008
Cynthia,Sprenger,5201704888209120,264,1/3/2011
Lucila,Crumpton,4556465682459030,600,1/4/2007
John,Stewart,4716134620792430,928,1/11/2009
Andre,Carlson,4716595407758500,366,1/1/2007
Andy,Williams,4539955083759930,615,1/10/2011
Maria,Walker,5501725227518800,118,1/12/2008
Stephen,Baker,4485516343255290,951,1/11/2009
Esther,Alm,4539090291595370,392,1/9/2008
Paul,Nave,4485690575300390,950,1/5/2007
Michele,Valencia,4916098883859410,966,1/12/2008
Sherman,Rose,4556371278808630,497,1/10/2011
Melinda,Barron,4485226049166790,945,1/12/2009
Jeff,Peters,4716615170954810,582,1/12/2007
Micah,Hering,5324471227353860,79,1/7/2008
Diana,Mccann,5372916786636360,853,1/10/2010
Karen,Scott,5217985361413940,479,1/11/2009
Nancy,Goodwin,4539090474783900,396,1/7/2007
Michael,Hall,4539742040381820,437,1/9/2009
Christopher,Deangelo,5351992483046500,44,1/3/2010
Winston,Gills,4916302231675370,7,1/3/2011
Guy,Spataro,4716849349347580,728,1/1/2008
Cecelia,Ray,5316292547820790,424,1/2/2011
Colette,Mullens,4929072283690310,407,1/5/2011
Steven,Pinson,5213624281148490,552,1/10/2010
Sarah,Clements,5431118782297730,835,1/4/2010
Elaine,Holloway,5393150786253000,920,1/4/2011
Ashley,Tabares,5480642658828240,140,1/4/2010
Regina,Tillman,4539681502432460,834,1/2/2007
Duane,Stephens,5163471131981860,654,1/11/2007
Billie,Deberry,4556113022618710,701,1/2/2009
Jenny,Muldrow,4929834772710850,207,1/5/2007
Philip,Shultz,4485018903401150,857,1/11/2007
Helena,Mcpherson,4929185109390050,578,1/10/2007
Maria,Ford,5240050447192540,446,1/8/2011
Hilda,Foltz,4929991033075040,238,1/12/2009
Loraine,Albro,5481089774301770,52,1/6/2010
Clarence,Potts,4485468373383630,287,1/8/2010
Mack,Miller,5540449227470880,50,1/11/2008
Paul,Earle,4916848241238720,954,1/11/2008
Milton,Goodman,4916393401187140,385,1/11/2010
Nathaniel,Henson,5219324959152950,488,1/10/2010
Susan,Smith,4716910176713520,55,1/9/2007
Abigail,Greer,5192268851288240,578,1/6/2009
Stephanie,Carrell,5538781026527400,865,1/8/2011
Darla,Moss,4532863158837910,972,1/11/2007
Steven,Cooper,5383875698654960,199,1/7/2007
Melvin,Evans,4539251973123390,738,1/12/2009
Joseph,Jones,5288412618853620,661,1/1/2008
Ruth,Slaton,5486675930860370,936,1/2/2011
Elmo,Jones,5181329835970830,486,1/2/2007
Mary,Trower,5585088742779320,786,1/5/2008
Wayne,Mendez,5527625826354280,336,1/7/2009
Dorothy,Giguere,4539627751329150,866,1/7/2007
Herminia,Wilson,4485146266643050,858,1/8/2011
Nickolas,Brown,5596443117910410,871,1/10/2008
Jennifer,Evans,5125917224379130,373,1/11/2011
Frank,Bowley,5287937396455820,343,1/10/2009
Johnny,Wilde,4556903959686220,638,1/1/2008
Steven,Carter,5593755049379280,275,1/9/2007
Aurelio,Granados,4929924851460440,303,1/5/2008
Sydney,Chavez,5514096284025560,787,1/4/2010
Stephanie,Fisher,4929114262924010,189,1/12/2007
Sue,Royster,4716540840337360,129,1/4/2010
Betty,Mitchell,5117676406400180,258,1/7/2008
Stephanie,Juan,4485549508176130,983,1/10/2007
Helen,Snell,5125951604129070,497,1/3/2011
Doug,Wester,5427029850100030,477,1/10/2011
Carolyn,Anderson,5116218941617970,938,1/4/2008
George,Reeves,4929711175439810,62,1/6/2008
James,Lowe,4539432164382550,125,1/2/2009
Gary,Morris,5402040203603830,933,1/9/2010
Cheryl,James,4556283971370430,107,1/10/2010
Paula,Bagwell,4929502672772640,89,1/7/2009
Michael,Mccallister,5143747743502300,516,1/3/2010
John,Rivera,4716807774903240,382,1/12/2009
Santiago,Teeters,5471138892290110,550,1/5/2007
Antonio,Tawney,4716267100051280,159,1/4/2008
Edith,Birt,5400798440778380,860,1/9/2010
Ashley,Applegate,5580399322074550,194,1/10/2008
Nancy,Malone,4539729821178150,342,1/11/2008
Anthony,Hamilton,4716940585762090,793,1/12/2007
Wendy,Jackson,5154473266812820,635,1/8/2009
Kathleen,Barkman,5392818989833330,9,1/2/2008
Lewis,Valentino,4485044988013520,824,1/6/2010
Richard,Mitchell,4532851027733090,533,1/8/2010
Jamie,Simmons,5403883110914600,62,1/6/2011
Mary,Miller,4716061332718200,718,1/10/2010
Sheila,Owens,4716070031648160,225,1/7/2011
Kathy,Bennett,4929258714361450,814,1/6/2009
Richard,Reed,4532285893718290,645,1/8/2007
Albert,Beamer,5562723224420780,849,1/4/2010
Stefanie,Elias,5525787984786750,974,1/12/2010
Cynthia,Kelley,4716338297937090,407,1/5/2010
Gabriel,Furman,4929659081726390,45,1/12/2011
Walter,Allen,5487206025006800,541,1/1/2009
Shane,Barton,5159452277913930,316,1/3/2008
Linda,Moore,5575995116812300,46,1/8/2009
Linda,Hillyard,5337331383950020,688,1/4/2007
John,Mccoy,5401163563111090,493,1/12/2010
Fernando,Warren,4539480242076430,111,1/5/2008
Donna,Stewart,4485280497267250,29,1/4/2010
Arnulfo,Hunter,4485706896119800,77,1/1/2010
Nancy,Medley,5329647617934820,777,1/9/2009
Kelvin,Cornelius,5366379811717540,494,1/6/2009
German,Kibler,4916504635963360,554,1/6/2010
Zachary,Neal,4716196720678870,161,1/12/2010
Barbara,Jimenez,5570292666588810,754,1/2/2009
Melissa,Palmer,4929219024094160,641,1/6/2011
Willie,Lauritzen,4539909369310100,269,1/2/2011
Robert,Smith,5467444904417320,922,1/1/2011
Victor,Carlson,4716579666625730,400,1/1/2011
Charles,Eshleman,5198812702160610,856,1/6/2011
Tim,Noble,5572496183408170,529,1/5/2009
Garry,Ruelas,5475853945643790,47,1/9/2009
Carrie,Hamman,5276852682834390,130,1/3/2007
Gerald,Hamilton,4556362051683870,752,1/1/2011
Allison,Johnson,4929075303146940,701,1/10/2007
Timothy,Stearns,5492040666412230,710,1/6/2008
Anita,Speed,4556679556506000,26,1/8/2011
Aaron,Howell,5180199904263380,465,1/4/2009
Elaine,Horton,4485772489236800,859,1/12/2010
Christian,Little,4556259623062490,87,1/1/2007
Brian,Bradley,5114617334542810,889,1/7/2008
Robert,Taylor,5439661086790130,28,1/10/2009
Ronald,Billings,4532508523767050,204,1/1/2007
John,Zayas,5244529175031490,177,1/10/2010
Alfonso,Graves,5177527992183740,601,1/2/2010
Jerry,Snoddy,5386818628423440,942,1/12/2009
Thomas,Book,5426155484858810,161,1/1/2010
Gerald,Godinez,5301527819895100,442,1/1/2009
Cynthia,Guilford,4929726501213710,981,1/10/2010
Brian,Chipman,5393047457741470,267,1/4/2008
Kelley,Brixey,5573671196984610,965,1/6/2011
Madeline,Cisneros,5567499832558310,728,1/9/2009
Kathleen,Wolfe,4716731605947560,38,1/6/2008
William,Lewis,4485512546650570,32,1/3/2011
Mary,Cotton,5589154997660730,479,1/2/2011
Phyllis,Schexnayder,4716911531258770,676,1/2/2011
Helen,Wysocki,4929581523781770,499,1/12/2009
Stephanie,Lozano,4532601762970620,35,1/10/2007
John,Lorenzo,4929475197807880,872,1/9/2008
Jennifer,Russell,5110344388575030,381,1/1/2009
Jerry,Hyman,4916933282522200,252,1/2/2010
Elnora,Finch,5281150105239940,200,1/12/2009
Michelle,Israel,4532269114424970,729,1/1/2009
Dustin,Whitlow,5433372347474690,721,1/9/2008
Matthew,Stephenson,5280639483543690,793,1/11/2008
William,Fisher,5411133521220960,633,1/1/2011
Tracey,Webb,5388650799129810,443,1/4/2010
Lawrence,Mitchell,5512010972966620,890,1/7/2010
Dawn,Jones,5430277632968440,579,1/12/2011
Amos,Brown,5560030783533420,189,1/3/2007
Angela,Salaam,5375382897530520,210,1/2/2007
Helen,Stringer,5446500232611730,859,1/10/2010
Robin,Marshall,5488943560391490,303,1/4/2008
Michael,Grady,5532863446254580,149,1/12/2011
Clayton,Smith,5382311760846780,211,1/6/2008
Tania,Frank,5237939273160150,551,1/3/2007
Catherine,Butcher,4916194712868100,174,1/11/2008
Particia,Julian,4532082132846570,383,1/1/2011
Jane,Johnson,5102908305129470,726,1/3/2010
Donald,Glass,4929914197801410,640,1/1/2010
Jeffrey,Neal,4556812847740500,384,1/1/2007
Kevin,Lum,4485264805918490,561,1/9/2011
Kerry,Barker,5246800451309760,666,1/1/2007
Judith,Miller,4532687204653840,608,1/8/2009
Bobby,King,4485932561591690,638,1/10/2008
Barbara,Patterson,4916169406732340,529,1/5/2008
George,Johnson,5355242532424440,843,1/8/2009
Donald,Llanos,5195397254063780,379,1/1/2011
David,Comer,5233264963474460,737,1/7/2011
Alice,Melendez,4539049358293740,941,1/4/2007
Donald,Caplinger,5472280534484890,224,1/4/2009
Michael,Adams,4716419109117750,714,1/5/2008
Christina,Thomas,4532647452996960,956,1/7/2009
Jordan,Lape,5248640929087040,513,1/12/2009
Linda,Allen,5220871349220560,274,1/11/2010
Robin,Hornbeck,4532043841006840,974,1/8/2009
Clinton,Jackson,4916749000286010,650,1/3/2007
Andrew,Hoy,5224753296406370,404,1/12/2007
Donald,Spence,4556480455569530,911,1/2/2010
Robert,Dubuque,4532960804886200,624,1/8/2008
Ellen,Hernandez,4916956462826840,217,1/2/2008
Carole,Spitzer,4916147437855960,136,1/8/2007
Loni,Vazquez,5560815588228640,98,1/4/2011
Howard,Martin,4916809063982180,549,1/10/2010
George,Gamble,5579284492092120,520,1/5/2009
Billy,Lynch,4532129730551760,518,1/10/2010
James,Webb,5569485229341780,337,1/7/2010
Beau,Nipp,5114776900509530,619,1/12/2011
Catherine,Lawson,5354039050866180,844,1/7/2008
Alexander,Rodriguez,5284845472192070,674,1/9/2011
Joel,Amedee,5139278051934380,477,1/9/2007
Aaron,Arthur,4716063195680020,213,1/1/2011
Denice,Schwartz,5452444653917440,656,1/9/2010
Larry,Chavez,5378723255988960,386,1/8/2010
Mai,Schlichting,5572510695952050,748,1/4/2008
Karen,Sinclair,4539801603351810,833,1/7/2008
Walter,Hacker,4929556733103870,492,1/11/2009
Thomas,Beegle,5414088955262420,227,1/1/2010
Anne,Armstrong,5395776487150420,309,1/12/2007
Christina,Adkins,5368432202309240,160,1/3/2009
James,Walls,5313242969401730,501,1/3/2011
Justin,Shaw,5531389587765180,675,1/7/2011
John,Green,5135599213254660,366,1/10/2011
Jimmy,Harrington,5415297075003280,262,1/2/2011
Tamara,Streetman,5518464485570860,732,1/10/2010
Robert,Graham,4916165920293180,694,1/7/2009
Deborah,Walker,4556103656378850,75,1/4/2007
Julie,Holloway,5170974854328340,94,1/4/2011
Elaine,Neff,5487828275624060,548,1/4/2011
Ernestine,Coulter,5287597961202510,35,1/8/2009
Jack,Hernandez,4929273441109010,479,1/2/2008
Arthur,Wilbanks,5206252938852450,396,1/12/2007
Gustavo,Melchior,4916845568664980,591,1/7/2010
Amanda,Burroughs,5299882576708810,174,1/1/2010
Susan,Yarbrough,5485577831002670,133,1/7/2009
Julie,Rodriguez,5230901728383430,691,1/4/2011
Tena,Eaton,4556537349065520,156,1/10/2010
Barbara,Scott,5125666461791910,110,1/8/2009
Donald,Hogan,5194062278978640,81,1/4/2009
Rosa,Allen,4539665911510600,935,1/10/2007
David,Randall,5195800320656900,342,1/6/2010
Michael,Dejesus,4539032602881650,451,1/8/2008
Rachel,Kyle,5487471393820170,980,1/10/2011
Robert,Moore,4929297556027440,597,1/10/2009
Tina,Kirschner,4532721956009110,119,1/6/2007
Sasha,Gustafson,5274465195261030,678,1/5/2007
Johnnie,Huizenga,4532930073851340,603,1/5/2007
John,Wilson,4716979865327240,941,1/6/2008
Beatrice,Gardner,5575844198497180,206,1/5/2011
Jenna,Diaz,4485878650287210,924,1/9/2010
Robert,Comer,5291456533248760,491,1/8/2011
Richard,Slone,4556864228786920,333,1/9/2007
Maximo,Allen,4485732084114470,246,1/3/2011
Trudy,Adams,5454171122035790,462,1/1/2010
James,Jasper,5345313263208710,462,1/6/2008
Patricia,Grund,4485030364467670,138,1/7/2008
Percy,Pena,4716390130130610,113,1/8/2010
Joel,Mueller,4485527742672860,241,1/9/2010
Ashley,Jeffrey,5508565211829420,892,1/11/2007
Derick,Tilman,5517495964740130,727,1/4/2009
Tracy,Okelly,5441179805269910,992,1/4/2011
Kristen,Jessie,5244688605716250,218,1/3/2011
Robert,Hilderbrand,5508039215804040,785,1/6/2007
Janelle,Hinton,5502474364921580,122,1/8/2008
Anne,Cohen,5168769307040910,431,1/6/2011
Jason,Neidig,5579221145198070,962,1/11/2008
Palma,Blackford,4716809384187510,452,1/8/2009
Mitchell,Franklin,4929946446458330,376,1/9/2010
Brian,Callas,5441373751165110,350,1/1/2008
Gary,Watson,5235907024413130,985,1/4/2010
Amy,Lucia,5559382209894140,538,1/3/2008
Melvin,Echeverria,5225469525235790,911,1/12/2011
Madison,Haughton,5438292082564090,550,1/9/2010
Sherry,Montgomery,4532679947331180,71,1/4/2011
Betty,Prestridge,4916309592834070,555,1/1/2007
Laura,Golden,5547654030733000,670,1/2/2008
Paul,Barnes,5586425693677600,672,1/2/2010
Karen,Ling,5472602676156000,807,1/9/2008
Bernice,Rutledge,5292076717400130,769,1/4/2008
Walter,Hale,4485922864109020,578,1/1/2007
Farrah,Ong,4485998594243710,837,1/11/2008
George,Schwing,4916063769694830,350,1/3/2011
Roger,Hart,4485163514203160,395,1/5/2011
Renee,Lavender,5404773980052100,837,1/8/2009
Rebecca,Garnica,4539757125755920,704,1/4/2011
Lynn,Deville,4929235800850480,948,1/6/2008
Carlos,Taylor,5290901243731290,46,1/4/2009
Marion,Lopez,4539596172158860,327,1/7/2007
Sharyn,Ross,4485780588884640,534,1/3/2009
Patricia,Hamilton,5316262968748960,366,1/8/2007
Helen,Lucas,4916873123741660,974,1/9/2008
Robert,Austin,5106557301142110,751,1/5/2010
Robert,Barnett,5448923043968020,438,1/8/2009
David,Fontenot,4929792823371650,200,1/5/2009
Calvin,Spoon,4532633960183850,974,1/2/2008
Harriet,Cooley,4929570204368600,481,1/6/2007
Lisa,Bush,4556688756261030,732,1/3/2007
Danny,Davis,5558627445737390,204,1/9/2011
Susan,Weber,5536308541643000,917,1/4/2008
Andrew,Lopez,5271905367222180,636,1/12/2010
Sharon,Higgins,4539156847905550,839,1/10/2007
Eloise,Elliott,5405108120732290,350,1/3/2009
Samantha,Mills,4929760757222230,393,1/11/2008
Amanda,Hall,4485784831944110,831,1/1/2008
Elsie,Humphrey,5280343693815460,808,1/12/2008
Nicole,Fleming,5412074572569160,347,1/10/2007
Ronald,Smith,5111770792930490,906,1/6/2008
Leanna,Warriner,4485283717332550,813,1/2/2009
Lawrence,Cox,5532628385435920,893,1/8/2010
Thomas,Knudsen,4929342820031230,203,1/5/2009
Ronald,Summers,4485271482744530,475,1/10/2008
Lauri,Haney,5384685236998320,119,1/5/2008
Michael,Mitchell,4929295508912200,288,1/6/2008
Elizabeth,Wood,4556462330652370,774,1/8/2008
Cynthia,Goree,4539333208926990,488,1/6/2010
Marta,Guillot,5153924095502810,992,1/1/2007
Henry,Engel,5420870568198000,545,1/8/2011
Alan,Trice,5563525905278560,97,1/8/2011
Alma,Fobbs,5317604766169730,668,1/10/2011
Scott,Gaines,4929725661316310,685,1/8/2011
Charles,Lafferty,4532441352402760,731,1/5/2008
Miguel,Hull,4485642307418450,18,1/10/2010
Shirley,Bullington,4539898178266420,792,1/12/2011
Kristina,Cobb,4556603846367800,85,1/3/2009
William,Metz,4556774371788170,669,1/2/2008
David,Strothers,5424572854747320,646,1/11/2010
Beatrice,Tolson,4929452645444090,934,1/1/2011
Duane,Lemaster,5161676660448050,332,1/10/2010
Queen,Demers,4539726907094520,557,1/12/2010
David,Stepp,4716752565266910,659,1/8/2009
Linda,Alvarez,4716138075897800,181,1/5/2008
Joy,Green,4532819961683570,998,1/11/2011
James,Pye,4556189702960390,104,1/11/2008
Oscar,Pierce,4556833745987630,851,1/12/2010
Sherry,Walls,5108235150360260,89,1/2/2010
Cory,Hailey,4532782445503350,763,1/7/2007
Kenneth,Jurado,4532226836672690,159,1/12/2009
John,Crites,5593566433685010,740,1/10/2008
Tina,Moore,4916414556650920,579,1/1/2009
Roxanne,Waters,4716624009204570,452,1/1/2007
Brian,Craft,5211990833677770,180,1/7/2009
Ernest,Harrison,4916548341492410,873,1/12/2009
Mary,Chivers,5181975718047400,604,1/9/2011
Blair,Rose,5183962423369320,129,1/5/2011
Cynthia,Renda,5378270601313000,159,1/8/2009
Jesse,Yost,5192708485397550,205,1/8/2010
Stacey,Rowe,4539393888628200,846,1/8/2008
Theresa,Oconnor,5305014513797610,535,1/12/2010
Steve,Calton,4485262760077540,509,1/11/2008
Alfredo,Schmidt,5166493743347250,798,1/6/2010
Melissa,Kelly,5511059761432980,814,1/1/2009
Jonathan,Smith,4716288596378640,235,1/1/2008
Dianne,Tennant,4532150573760920,391,1/3/2007
James,Cantu,4916126919960230,403,1/2/2009
Fay,Sands,5508624931638520,537,1/2/2009
Deborah,Doctor,5153865375603700,940,1/4/2009
Emmitt,Shade,5484400266145320,855,1/12/2009
Cynthia,Jones,4539211946432920,936,1/3/2010
Marion,Vogt,4556033019871760,235,1/12/2008
Ellen,Stalter,4916820530407520,275,1/1/2007
Terry,Vanlandingham,4929984242745910,465,1/8/2010
Shirley,Turner,4485853633389170,817,1/11/2007
Arthur,Moore,5286993398210340,221,1/4/2011
Brandon,Gutierrez,4556869566451140,952,1/11/2010
Mary,Scoggins,4929571880028260,421,1/9/2011
Lucy,Wirth,4556491293968530,310,1/12/2009
Mark,Wynn,5124769843047940,115,1/1/2009
John,Rushing,5323936167798890,668,1/8/2008
Rosalyn,Ford,4539765117282470,553,1/11/2007
Geraldine,Mccarthy,4539165433004080,809,1/1/2009
Anna,Ratliff,5500801933875180,898,1/2/2011
Carrie,Rogers,4929310611292150,400,1/10/2007
James,Bates,4556103006240300,347,1/2/2011
Evelyn,Roller,5319018247553410,293,1/2/2010
Catherine,Pettitt,4916334842131770,793,1/5/2010
Helen,Jones,5183580434220210,113,1/5/2008
Samuel,Peters,5599385221430330,60,1/7/2011
Peter,Duke,5214062451475230,25,1/11/2009
Faith,Mccrea,5321787204200040,787,1/3/2011
Leigh,Wood,5409207591646510,205,1/2/2010
Michael,Moeller,5322084150756350,416,1/1/2010
Elizabeth,Meltzer,5275087887049260,610,1/3/2009
Nelson,Mcginnis,5321680678609900,608,1/6/2009
Beau,Barros,4539601924929930,657,1/9/2011
Carol,Siefert,4716649721216510,336,1/9/2009
Deborah,Herring,4485099537185020,352,1/2/2008
Vincent,Eberhardt,4929755070275790,968,1/2/2011
John,Crosslin,5105241655710210,820,1/1/2009
Sandra,Showers,4716861019368950,703,1/11/2007
Virgil,Roby,5473973404356990,39,1/11/2008
Eddy,Abraham,5448784882499970,812,1/10/2007
Phyllis,Robertson,4556319319237590,735,1/9/2010
Teresa,Chamberlain,4916724689875920,572,1/7/2010
Betty,Fleming,4532816824016860,387,1/3/2007
Dean,Paradiso,4556111276747350,822,1/6/2007
Alexander,Durso,5428761130927120,420,1/6/2010
Harold,Scott,5410706126623180,753,1/10/2008
Kathleen,Proctor,4539940254258720,778,1/5/2007
Billie,Ferry,5278985467985850,965,1/1/2007
Santos,Smith,4539606419031640,793,1/3/2010
Kimberly,Lucas,4539279066108230,395,1/1/2010
Dale,Holland,4916620410366890,355,1/4/2008
Joseph,Jacks,4532147987211860,122,1/12/2007
Traci,Knopp,5577714082482350,23,1/8/2007
Johnny,Lindsey,5264581251723620,691,1/4/2007
Carolyn,Gaskin,4532341901682910,193,1/8/2009
Gerry,Rogers,5325968878254300,429,1/6/2010
Brian,Donovan,5375268229719210,436,1/12/2008
Randi,Bargas,5224462680162250,280,1/11/2009
Nicole,Bourne,4485115642192930,613,1/12/2008
Victoria,Vaughn,5166011580613990,41,1/5/2009
Andrea,Prince,5508464047244250,254,1/10/2010
Christine,Whitehorn,5483705639435190,649,1/2/2007
Larry,Green,4532846618217520,237,1/3/2008
Connie,Acevedo,5426321224849760,729,1/3/2011
Lois,Himes,4556841242525600,313,1/6/2009
John,Johnson,5132148988763020,619,1/6/2011
Myrtle,Smith,4539863144309820,918,1/12/2011
Richard,Evans,5543480123318490,450,1/12/2007
Nicole,Pierre,4556943656863400,729,1/1/2007
Teresa,Bennett,5393377971029020,856,1/1/2008
Vincent,Winfrey,4532514899348580,449,1/7/2010
Mary,Mitchell,5283344756006090,17,1/1/2008
Patricia,Clark,4716899098068460,749,1/7/2008
Derek,Frazier,4532664026995950,692,1/4/2010
Rose,Morey,4485969015632450,309,1/4/2007
Laura,Call,4929563409501470,344,1/2/2007
Sandra,Mercer,5513753605482220,206,1/2/2010
Charles,Carreiro,5284313331420980,559,1/2/2010
Jack,Blankenship,4485771223652180,147,1/6/2008
Gwendolyn,Galicia,4532809865111660,938,1/10/2009
Maria,Novak,5458366861274410,544,1/1/2010
Christine,Delacruz,4716682916023970,357,1/2/2008
Heather,Gonzalez,4929186407727620,766,1/11/2007
Martha,Cason,5139596519484360,927,1/3/2009
Harriet,Gann,5201845278345170,391,1/2/2008
Rosemarie,Henderson,5577287831614590,824,1/10/2010
Donald,Hamilton,4929475672140180,392,1/5/2008
Haydee,Daigle,5253333423155830,830,1/4/2010
John,Tomita,4929472026507520,41,1/6/2009
Wayne,Chappel,4916102020272830,147,1/9/2010
Lavern,Gallagher,4929271688237280,738,1/2/2007
Karl,Buxton,5152912358661270,477,1/3/2010
Neil,Unger,4539839762250470,411,1/7/2007
Ann,Heiser,4539429844527110,101,1/4/2009
Susan,Davis,4485910491942560,314,1/9/2008
Marsha,Ellis,5286546416426550,767,1/2/2008
Amy,Noel,4485391142876560,569,1/11/2007
Ronald,Isbell,5568011161637140,313,1/12/2011
Maryanne,Vaughn,4716511962636750,342,1/12/2009
Margaret,Spencer,4485241462213630,459,1/4/2008
Tony,Varnado,4916119258836550,950,1/9/2007
Anastacia,Mccann,5355781659096440,422,1/5/2008
Charles,Kloss,5590634339165190,499,1/9/2010
Kim,Hudson,4485423004389950,114,1/1/2007
Stephen,Rodriguez,4539520624212790,665,1/1/2011
Evelyn,Hammons,4929766899414040,662,1/6/2008
Paul,Lawson,4929573925959140,319,1/10/2010
Sherry,Volkert,5529636914815740,196,1/5/2007
Derrick,Dixon,4916236551086450,746,1/12/2007
Charlene,Baker,4929280048295890,388,1/10/2008
Christopher,Collins,4539315552277550,589,1/12/2010
Josette,Defelice,4539021810565600,77,1/11/2009
Kathleen,Wang,5539985743571090,833,1/1/2010
Patricia,Hunter,5235113517160960,564,1/7/2010
Brent,Garrity,4716865959716520,216,1/9/2007
Joseph,Oakes,5458418933443940,959,1/8/2008
Patricia,Stockard,4539297693944140,322,1/4/2011
Erna,Morton,5282398356709530,999,1/11/2009
Denver,Darnell,4916505019668280,243,1/5/2009
Paul,Riley,5551095009091080,904,1/1/2009
Richard,Medrano,5280022891006980,707,1/1/2009
Cynthia,Locklear,5482338582161430,85,1/8/2008
Sheila,Mcgary,4916464202282230,355,1/2/2009
Andrew,Henderson,4916014345222650,511,1/5/2007
Amy,Lira,5268141530788690,22,1/7/2011
Sherry,Tanner,4485790503516210,772,1/4/2009
John,Taylor,5162385999827400,684,1/4/2010
Mickey,Alley,5538398191671670,603,1/5/2010
Quinn,Morris,4716328620740980,79,1/9/2011
Viola,Hawkins,4916017901865200,920,1/8/2009
Brandon,Rainey,5501273936651240,308,1/4/2009
Gloria,Staten,4539003796385300,788,1/10/2011
Micheal,Marshall,5491452150982730,793,1/2/2010
Stacey,Payne,4556685589707720,203,1/6/2007
Mattie,Chappell,4556691183157660,233,1/2/2009
Jeff,Kim,5277075701236180,868,1/12/2010
Christy,Tamura,4539355539323150,918,1/2/2007
Sheila,Payne,5327594456203730,182,1/6/2008
Carlita,Savell,4539449100440600,726,1/12/2008
Joseph,Reimer,4556763879868410,443,1/9/2008
Katherine,Mcdonald,5468085020649350,253,1/8/2009
Donald,Payne,4485378545132730,637,1/10/2011
Marion,Godwin,5315497701254430,144,1/12/2008
Carl,Ellis,4485320404509300,565,1/12/2008
Joseph,Mathison,5158996275388370,389,1/6/2008
Larry,Hickman,4556954658409250,457,1/12/2007
Rudolph,Adams,5209714975462170,447,1/10/2011
Nathan,Marshburn,4485561440146820,578,1/7/2009
Charles,Walsh,5590085903628180,140,1/10/2011
Krystal,Strickland,5129417376241440,370,1/6/2011
Michelle,Rodriguez,4716122602181600,318,1/7/2009
Barbara,Harris,4916375099589160,273,1/3/2007
Eleanor,Trevino,5183365304271870,125,1/4/2007
Heather,Rivera,5311720073130290,234,1/2/2011
John,Clark,4716828013322920,358,1/3/2008
Pedro,Parrish,4556752050728160,885,1/9/2010
Aaron,Murray,4716169242704470,479,1/8/2009
Cathy,Kearney,4916375136406860,896,1/9/2008
Jim,Brown,5193667050079670,661,1/4/2010
Shawna,Vazquez,5515703423853870,520,1/2/2008
Marisa,Horton,5591673728013670,732,1/4/2010
Paul,Reynolds,4539573692446290,673,1/8/2011
Kathleen,Haynes,4532339616550130,26,1/7/2010
Edwin,Schipper,4556173374987840,187,1/7/2008
Cinda,Pauly,4532332660283020,904,1/11/2011
Adam,Bowerman,5593972060560930,279,1/2/2009
Thomas,Walker,5339622177866710,731,1/5/2007
Nicolette,Dunn,5509424886501520,759,1/8/2010
Michael,Sanders,5393820525784970,984,1/12/2007
Lorraine,Miles,4556413922444120,168,1/7/2009
Denis,Balderas,5231843571640710,970,1/4/2011
Lawrence,Warfel,4532295686134340,255,1/11/2010
Charles,Velasquez,4916103288847890,174,1/7/2008
Jordan,Smith,4539842933907930,961,1/3/2009
James,Williams,4716695166884930,581,1/9/2011
Rafael,Williams,4716223163008850,747,1/9/2009
Jose,Krall,5353008890671720,95,1/7/2007
Glynda,Brace,4916945364718180,163,1/5/2011
Terry,Morrell,5437891366489010,789,1/7/2009
Ashley,Weekes,5117725488028680,565,1/5/2007
David,Rudolph,4532399787321230,879,1/6/2011
Joseph,Lopez,4929121167447390,100,1/2/2011
Diana,Jones,5377733585830560,829,1/10/2007
Douglas,Vazquez,4556130313912800,407,1/12/2007
William,Rodriguez,4916883257821380,956,1/11/2011
Laurence,Echols,4532163359265180,130,1/8/2007
Bruce,Williams,5586134098223500,422,1/2/2008
Thomas,Olson,5545121328486700,387,1/8/2007
James,Brown,4556951868167040,503,1/2/2010
Sarah,Davis,5545758743949530,253,1/11/2007
Irene,Noda,5445709297724590,880,1/5/2009
Jamison,Harris,5134030120078970,62,1/12/2007
Robert,Debnam,5568107842509210,741,1/9/2009
Deborah,Sullivan,4556942761148740,300,1/7/2010
Kristy,Wilson,5284578115718680,912,1/12/2010
Barbara,Bencomo,4556823147504070,281,1/12/2010
Marilyn,Washington,4485811349014970,630,1/1/2010
Hannah,Sax,4716779168735620,940,1/11/2010
Armando,Bernal,5107615384447910,860,1/1/2011
Anthony,Thomas,5492422899250000,228,1/11/2007
Dale,Rodriguez,4916776748660210,221,1/12/2009
Juan,Stiffler,5346775619993270,480,1/9/2009
James,Garrett,5512902479519400,149,1/6/2010
Thomas,Conkle,5491837592391380,564,1/3/2008
Wesley,Phillips,4916625516398180,788,1/4/2007
Charles,Beltran,5134119045343460,555,1/2/2009
Veronica,George,4929977400971910,898,1/3/2009
Camille,Rogers,4716299496715970,826,1/4/2007
Lewis,Medina,5471089173481010,542,1/5/2011
Nellie,Ruiz,5580340603265440,261,1/7/2010
Norbert,Jones,5436413716962380,658,1/10/2011
Stephanie,Byrd,5163526368977950,310,1/3/2009
Doug,Taylor,5556152289615040,772,1/7/2008
Ruby,Smalling,4539567397305160,134,1/3/2011
Kenny,Maker,4532475008136360,77,1/6/2010
Margaret,Herring,5299426757758230,33,1/6/2010
Jaime,Rendon,5449637809431410,4,1/5/2007
Jana,Jefferson,4556315659649560,218,1/1/2010
Jonathon,Bullen,4556627864713230,477,1/11/2011
Bertha,Bay,4539826773252010,193,1/5/2011
George,Shuler,4532114008986140,317,1/3/2008
Charles,Hart,5236354140996670,990,1/9/2007
Vivian,Villegas,5338059393901910,645,1/4/2007
Frances,Dall,4485321791842380,470,1/3/2011
Martha,Delgado,4916407048828360,185,1/10/2008
Ryan,Myers,5221869647101480,574,1/2/2007
Edwina,Ramirez,5260660496502480,970,1/8/2010
Edna,Ybanez,4716391111218290,630,1/6/2010
Christopher,Lockhart,5411288459361950,59,1/4/2007
Clyde,Orlando,4532058546203030,484,1/5/2011
Haydee,Paulino,4929345610726160,461,1/10/2008
Ruth,Hill,4556850430545990,783,1/4/2007
Margaret,Kirkley,5393429416894070,27,1/2/2010
Russell,King,5249700967200220,488,1/8/2008
John,Love,5558642322130020,813,1/6/2008
Charles,Henderson,5536940866730140,180,1/10/2009
April,Bond,5389449395683040,898,1/11/2011
Jason,Elkin,5557909042323810,298,1/1/2008
Marshall,Halpern,5521451681715920,348,1/10/2009
Maria,Jones,5155531412893780,432,1/8/2009
Manuel,Eckstein,4532709170693320,319,1/4/2009
Roberta,Shaw,4485266939840360,49,1/6/2007
Darius,Stevenson,5226326070361250,414,1/7/2010
Genevieve,Kemp,4485243012692360,738,1/5/2008
Kevin,Mcnary,4556983148010410,665,1/7/2008
Senaida,Anderson,4916697408847070,819,1/10/2009
Debby,Mcgraw,5410269165979750,648,1/4/2008
Lorraine,Hughes,4485839606773070,621,1/9/2009
Gwen,Passmore,5395245535603550,249,1/5/2010
Sheri,Norman,5411234795815020,544,1/12/2009
Rick,Morse,4929133501334350,953,1/12/2009
Lois,Galvin,4916868952805630,963,1/4/2010
Kenneth,Leavitt,5474355374385270,801,1/8/2008
Evelyn,Wilson,5509865564464220,940,1/6/2009
Carlos,Forbes,4716053297979530,39,1/6/2010
Misty,Dennis,4556137588609600,501,1/4/2010
Betty,Begay,5371531464347560,445,1/12/2008
Troy,Stroh,4532316053903740,698,1/10/2010
Janet,Martin,4485519312257040,47,1/4/2010
Clyde,Morrow,5248857303977190,487,1/2/2009
Crystal,Schaefer,4485966758046000,991,1/5/2008
Amy,Mccullough,5342874641835250,445,1/5/2009
Patricia,Bowles,4716198766148280,12,1/4/2011
Judith,Malone,5580819308919170,906,1/9/2009
Judith,Harris,4716417676869210,388,1/5/2011
Steve,Richey,4532958935083320,304,1/4/2007
Elizabeth,Palmer,4929170467934300,338,1/10/2009
Shirley,Betz,4485128912158350,965,1/7/2011
Grant,Whittemore,5424671372581850,343,1/4/2010
Kathleen,Spradlin,4716329505366540,484,1/3/2011
David,Tremblay,5110690943831460,209,1/9/2010
Karen,Schlosser,5395468849575120,977,1/4/2010
Beatrice,Chaisson,5157048312824340,268,1/5/2009
Patricia,Caton,5163764992152530,723,1/9/2007
Thomas,Larry,5521155735269700,84,1/3/2007
Tabatha,Allen,5389861226499130,205,1/12/2010
Clarence,Bailey,4556713106414890,464,1/6/2008
Trang,Jefferson,4532616428378980,591,1/3/2008
Jerilyn,Beck,4556729395172130,574,1/5/2009
Thelma,Earl,5140243555699720,414,1/7/2007
Charles,Waite,5541743271784700,488,1/12/2008
Kyle,Whelchel,4539919125268730,653,1/10/2011
Debbie,Pereira,5242570621344880,308,1/7/2010
Davis,Darrington,5204967959805070,452,1/10/2007
Tamara,Martin,5463079723419660,658,1/9/2009
Carmen,Boyd,4539311072100300,485,1/4/2007
